Start;Ende;"GeDi 
Nummer";ohne Panel;Strasse;Geschwindigkeit;Haus-Nr.;Fahrtrichtung;"Reichweite 
in Meter";"Akkuwechsel
oder Dateiname";;;;;
30.01.2020;17.03.2020;0052;;Reutestr.;30;23;Hardtstr.;;;;;;;
17.02.2020;26.05.2020;0491;;Wollmatinger Str.;50;37;Zaehringerplatz;;;;;;;
18.02.2020;07.04.2020;0751;;Reichenaustr.;60;19;Moschee;;;;?;;;
25.02.2020;27.05.2020;9256;;Breslauer Str.;30;Grundschule;Riedstr.;;;;;;;
27.02.2020;07.05.2020;8710;;Eichhornstr.;30;;Hoernle;;;;;;;
28.02.2020;07.05.2020;1415;;Max-Stromeyer-Str.;50;13a;Gottmannplatz;;;;;;;
03.03.2020;01.04.2020;8815;;Radolfzeller Str.;30;Grundschule;stadtauswaerts;;;;;;;
09.03.2020;07.04.2020;9621;;Mainaustr.;30;Grundschule;Faehre/Mainau;;;;;;;
11.03.2020;01.04.2020;8116;;Sonnentauweg;30;31;GSS;;;;;;;
12.03.2020;31.08.2020;9018;;Untere Laube;30;Amtsgericht;Obere Laube;150;;;?;;;
17.03.2020;03.06.2020;0052;;Reutestr.;30;36;Fuerstenbergstr.;;;;;;;
01.04.2020;06.07.2020;8116;;Beyerlestr.;30;19;Blindmessung;;;;;;;
01.04.2020;07.05.2020;8815;;Obere Laube;30;65;Untere Laube;;;;;;;
07.04.2020;02.09.2020;9621;;Radolfzeller Str.;30;20;Fuerstenbergstr.;50;;;;;;
07.04.2020;06.07.2020;0751;;Reichenaustr.;60;Edeka;stadtauswaerts;;;;?;;;
07.05.2020;20.07.2020;1415;;Mainaustr.;30;Baeckerei Frick;Faehre/Stadteinwaerts;;;;;;;
07.05.2020;02.09.2020;8815;;Untere Laube ;30;Katzgasse;Rheinsteig;150;;;;;;
07.05.2020;20.07.2020;8710;;Eichhornstr.;30;Rosenau;Mainaustr.;;;;;;;
27.05.2020;22.06.2020;0491;;Konstanzer Str. ;40;gg. Kirche;FR Konstanz;;;;;;;
27.05.2020;16.06.2020;9256;;Breslauer Str.;30;Grundschule;FR Hardstr.;;;;;;;
03.06.2020;20.07.2020;0052;;Wollmatinger Str.;50;Nr.22;FR Stadtauswaerts;;;;;;;
03.06.2020;16.06.2020;Viasis;;Laengerbohlstrasse;40;27;FR Buhlenweg;50;;;Viasis;;;
03.06.2020;16.06.2020;Viasis;;Staader Strasse;30;16;FR Mainaustrasse;40;;;Viasis;;;
16.06.2020;20.07.2020;9256;;H.-von-Vicari-Str.;30;17;FR Jakobstrasse;;;;;;;
16.06.2020;03.08.2020;Viasis;;Mannheimerstr.;Verkehrsberuhigt;gg. 7;FR Brandenburgerstrasse;;vs030820.084;;Viasis;;;
16.06.2020;03.08.2020;Viasis;;Kuhmoosweg ;30;KIGA;FR Am Pfeiferhoelzle;;vs030820.085;;Viasis;;;
22.06.2020;03.08.2020;0491;;Konstanzer Str. ;40;;FR Ortsmitte;;;;;;;
06.07.2020;18.08.2020;8116;;Fritz-Arnold-Str.;50;Selas;August-Borsig-Str.;150;;;;;;
06.07.2020;18.08.2020;0751;;Kreuzlingerstr.;Verkehrsberuhigt;5;Laube;40;;Statistik erfasst nicht unter 15 km/h;;;;
20.07.2020;30.09.2020;1415;;Mainaustr.;30;Baeckerei Frick;Egg;50;;;;;;
20.07.2020;30.09.2020;8710;;Jakobstr.;30;37;KiGa;50;;8710 defekt seit 30.09.2020;;;;
20.07.2020;31.08.2020;0052;;Rudolf-Diesel-Str.;50;4;Ernst-Sachs-Str.;40;;;;;;
20.07.2020;02.11.2020;9256;;Hermann-von-Vicari-Str.;30;17;Mainaustr.;60;;;;;;
03.08.2020;22.10.2020;0491;;Schwedenschanze ;30;KIKA;Emmishofer Strasse;60;;;;;;
03.08.2020;12.10.2020;Viasis;;Winterersteig;30;Wessenbergschule;Schaenzle;70;;;Viasis;;;
03.08.2020;22.10.2020;Viasis;;Kuhmoosweg ;30;7;Universitaetsstr.;100;;;Viasis;;;
18.08.2020;30.09.2020;8116;;Hermann-Hesse-Weg;30;12c;Therme;70;;;;;;
18.08.2020;22.10.2020;0751;;Herosestr.;30;9;Wendeflaeche;40;;;;;;
31.08.2020;11.09.2020;0052;;Schwaketenstr.;50;Grundschule;Radolfzeller Str.;100;;;;;;
11.09.2020;12.10.2020;0052;;Schwaketenstr.;"Tags 30 ; Abends 50";Grundschule;Radolfzeller Str.;100;;;Statistik erfasst Tag/Nacht nicht;;;
31.08.2020;05.11.2020;9018;;Rheingutstr.;30;35/37 KiGa;Hans-Breinlinger-Str.;170;;;;;;
02.09.2020;12.10.2020;8815;;Engelsteig;50;gg. 1;Radolfzeller Str.;100;;;;;;
02.09.2020;24.11.2020;9621;;Radolfzeller Str.;30;65;Fuerstenbergstr.;100;;;;;;
30.09.2020;02.11.2020;1415;;Allmannsdorfer Str.;50;Hoehe 28;Mainaustr.;70;;;;;;
30.09.2020;11.01.2021;8116;;Buhlenweg;30;gg.22;Schwaketenstrasse;100;18.12.2020;;;;;
12.10.2020;30.11.2020;8815;;Zur Friedrichshoehe ;30;Ecke Eblinweg;Silvanerweg ;30;;;;;;
12.10.2020;11.12.2020;0052;;Schwaketenstr.;"Tags 30 ; Abends 50";Grundschule;GSS;50;;;Statistik erfasst Tag/Nacht nicht;;;
12.10.2020;25.01.2021;Viasis;;Karlsruherstr.;30;Berchenspielplatz;Hardtstr.;50;;;Viasis;;;
22.10.2020;19.01.2021;Viasis;;Litzelstetter Str;30;30;Radolfzeller Str.;60;;;Viasis;;;
22.10.2020;12.01.2021;0491;;Buecklestr.;30;76;Schneckenburgerstr.;50;17.12.2020;;;;;
22.10.2020;02.11.2020;0751;;Im Grund (Dettingen);30;28-32;Dingelsdorfer Str.;60;;;;;;
02.11.2020;24.11.2020;8710;;Bodan Str.;30;19;Bahnhof;80;;;;;;
02.11.2020;25.01.2021;1415;;Allmannsdorfer Str.;50;28;Zaehringerplatz;50;17.12.2020;;;;;
02.11.2020;14.12.2020;9256;;Friedrich Str.;50;65;Zaehringerplatz;50;;Statistik fehlt ;;;;
02.11.2020;24.11.2020;0751;;Im Grund (Dettingen);30;28-32;Ortmitte;50;;;;;;
05.11.2020;12.01.2021;9018;;Rheingutstr.;30;36;HTWG;40;;;;;;
24.11.2020;18.02.2021;8710;;Bodanstr.;30;Hoehe Denns;Laube;50;14.12.2020;;;;;
24.11.2020;23.02.2021;0751;;Reichenaustr.;"Tags 50 ; Nachts 30";Hoehe Hollys;Spanierstrasse;40;14.12.2020;;;;;
24.11.2020;18.02.2021;9621;;Feuersteinstr.;30;7;Zfp;50;21.12.2020;;keine Rohdatei;;;
30.11.2020;02.03.2021;8815;;Taborweg;30;13;Pfeiferhoelzle;40;18.12.2020;;keine Rohdatei;;;
11.12.2020;28.01.2021;0052;;Schwaketenstr.;generell auf 30 eingestellt;Grundschule;GSS;50;;;;;;
14.12.2020;28.01.2021;9256;;Friedrich Str.;50;65;Zaehringerplatz;50;;;;;;
11.01.2021;09.03.2021;8116;;Buhlenweg ;30;gg.23;Fuerstenbergstr.;40;;;;;;
12.01.2021;10.05.2021;0491;;Rheinsteig ;30;Hoehe Zoffingen;Laube;50;"Daten am 09.03.2021 gezogen
Statistik erstellt";;;;;
12.01.2021;02.03.2021;9018;;Mainaustr. Dreherkurve;50;98;Faehre;50;;;keine Rohdatei;;;
19.01.2021;18.02.2021;Viasis;;Zum alten Saegewerk;Verkehrsberuhigt;10;Einwaerts;25;;;Viasis;;;
25.01.2021;09.03.2021;Viasis;;Karlsruherstr.;30;4;Riedstr.;30;;;Viasis;;;
25.01.2021;23.03.2021;1415;;Riedstr.;50;5 bis 7;Wollmatinger-Bahnhof;50;;;;;;
28.01.2021;02.03.2021;0052;;Schwaketenstr.;generell auf 30 eingestellt;Grundschule;Radolfzeller Str.;50;;;keine Rohdatei;;;
28.01.2021;02.03.2021;9256;;Friedrich Str.;50;65;Universitaetsstr.;50;;;;;;
18.02.2021;09.03.2021;8710;;Bodanstr.;30;Hoehe Denns;Bahnhof;50;;;;;;
18.02.2021;03.05.2021;9621;;Austr.;30;75-77;Fuerstenberg;50;;;;;;
18.02.2021;06.04.2021;Viasis;;Eichbuehlstr.;30;KiGa;Ortsausgang;40;09.03.2021;;Viasis;;;
23.02.2021;03.05.2021;0751;;Reichenaustr.;"Tags 50 ; Nachts 30";Hoehe Hollys;Bruecke;40;;;Statistik erfasst Tag/Nacht nicht;;;
02.03.2021;23.03.2021;0052;;Felchengang;30 / Anliegerstr.;25a;Staader Strasse;40;;;;;;
02.03.2021;23.03.2021;8815;;Staader Strasse;30;28;Felchengang;50;;;;;;
02.03.2021;10.05.2021;9018;;Mainaustr. Dreherkurve;50;98;Stadteinwaerts;50;;;;;;
03.03.2021;03.05.2021;9256;;Bruder-Klaus-Str.;30;14;von-Emmich-Str;100;;;;;;
09.03.2021;01.04.2021;Viasis;;Flurweg/Egg;10;5a;Wolfsried;30;;;Viasis;;;
09.03.2021;31.05.2021;8710;;Mainaustr. Ortseingang;30;;Schiffstr.;40;;;;;;
09.03.2021;03.05.2021;8816;;Schneckenburgstr. ;50;33;Friedhof;50;;;;;;
23.03.2021;26.04.2021;1415;;Riedstr.;50;19-21;Fuersenbergstr.;40;;;;;;
23.03.2021;14.06.2021;0052;;Untere Laube;30;Muensterkindergarten;Rheinsteig;40;;;;;;
23.03.2021;31.05.2021;8815;;Radolfzellerstr.;30;Roessle;Ortsausgang;40;;;;;;
01.04.2021;26.04.2021;Viasis;;Flurweg/Egg;10;5a;Auswaerts;30;;;Viasis;;;
06.04.2021;03.05.2021;Viasis;;Hebelstrasse;30;14;Eichhornstrasse;40;;;Viasis;;;
26.04.2021;21.06.2021;1415;;Radolfzellerstr.;30;65;Stadteinwaerts;50;;;;;;
26.04.2021;31.05.2021;Viasis;;Gartenstr.;30;24;Untere Laube;40;03.05.2021;;Viasis;;;
26.04.2021;21.06.2021;5797;;Friedrichstr.;50;71;Universitaetsstr.;80;;;;;;
26.04.2021;21.06.2021;6047;;Fuerstenbergstr.;50;51;Radolfzellerstr.;60;;;;;;
03.05.2021;14.06.2021;9621;;Jakobstr. ;40;Hoehe Wasserwerk;Stadion;50;;;;;;
03.05.2021;21.06.2021;8816;;Byk-Gulden-Str.;50;25;Max-Stromeyer-Str.;80;;;;;;
03.05.2015;14.06.2021;0715;;Reichenaustr.;"Tags 50 ; Nachts 30";Hoehe Hollys;Stadteinwaerts;50;;;;;;
03.05.2021;28.06.2021;9256;;Von-Emmich-Str.;30;8;Bruder-Klaus-Str.;40;;;;;;
03.05.2021;14.06.2021;Viasis;;Brandesstr.;30;2;Haendelstr.;50;07.06.2021;;Viasis;;;
10.05.2021;19.07.2021;9018;;Buhlenweg;30;13;GSS;50;;;;;;
10.05.2021;31.05.2021;0491;;Schwaketenstr.;50;;Grundschule;80;;;;;;
31.05.2021;19.07.2021;8710;;Wollmatinger Str.;50;89;Fuertenbergstr.;50;;;;;;
31.05.2021;28.06.2021;8815;;Litzelstetter Str;30;40a;Ortsausgang;50;;;;;;
31.05.2021;28.06.2021;Viasis;;Gartenstr.;30;Handelisgartenweg;Neue Bruecke;50;07.06.2021;;Viasis;;;
31.05.2021;21.06.2021;0491;;Schwaketenstr.;50;95;Universitaetsstr.;80;;;;;;
14.06.2021;09.08.2021;0052;;Mainaustr;30;148;Faehre;40;;;;;;
14.06.2021;19.07.2021;Viasis;;Zeppelinstr.;30;8;Hebelstr;50;;;Viasis;;;
14.06.2021;17.08.2021;0715;;Am Pfeiferhoelzle;30;15;Stockackerweg;80;;;;;;
14.06.2021;19.07.2021;9621;;Jakobstr. ;40;Hoehe Wasserwerk;Lindauerstr.;50;;;;;;
21.06.2021;17.08.2021;1415;;Kindlebildstr.;50;28;Radolfzellerstr.;100;;;;;;
21.06.2021;09.08.2021;5797;;Friedrichstr.;50;71;Zaehringerplatz;50;;Blindmessung seit 05.08.21;;;;
21.06.2021;17.08.2021;6047;;Fuerstenbergstr.;50;51;Buhlenweg;100;;;;;;
21.06.2021;09.08.2021;8816;;Byk-Gulden-Str.;50;25;Stadtauswaerts;100;;;;;;
21.06.2021;17.08.2021;0491;;Stifterstr. ;30;8;Radolfzellerstr.;50;;;;;;
28.06.2021;23.08.2021;9256;;Am Briel;30;56-58;Bismarksteig;40;;;;;;
28.06.2021;19.07.2021;Viasis;;Am Pfeiferhoelzle;30;2;Universitaetsstr.;50;;Statistik Komplett;Viasis;;;
28.06.2021;28.09.2021;8815;;H.-von-Vicari-Str.;30;19;Jakobstr.;50;23.08.2021;;;;;
19.07.2021;31.08.2021;9018;;Buhlenweg;30;13;Fuerstenberg;50;;;;;;
19.07.2021;13.09.2021;8710;;Wollmatinger Str.;50;89;Stadteinwaerts;100;;;;;;
19.07.2021;13.09.2021;9621;;Brueelstrasse ;30;20;Feldstr. ;50;;;;;;
19.07.2021;16.08.2021;Viasis;;Am Pfeiferhoelzle;30;2;Friedhof;50;;;Viasis;;;
19.07.2021;16.08.2021;Viasis;;Beethofenstr.;30;17;Mainaustr.;50;;;Viasis;;;
09.08.2021;28.09.2021;0052;;Eichhornstr.;30;Rosenau;Hoernle;80;;;;;;
09.08.2021;11.10.2021;5797;;Jakobstr. ;40;;Hoernle;50;;Blindmessung;;;;
09.08.2021;11.10.2021;8816;;Zur Torkel;30;;Eichhornstrasse;40;;;;;;
16.08.2021;04.10.2021;Viasis;;Blumenstrasse;Verkehrsberuhigt;13,11,9;Holdersteig ;40;23.08.2021;;Viasis;;;
16.08.2021;28.09.2021;Viasis;;Kreuzlingerstr.;Verkehrsberuhigt;7;Schnetztor;20;23.08.2021;;Viasis;;;
17.08.2021;13.09.2021;0715;;Am Pfeiferhoelzle;30;15;Taborweg;50;;;;;;
17.08.2021;11.10.2021;1415;;Kindlebildstr.;50;28;Reichenau;50;;;;;;
17.08.2021;04.10.2021;6047;;Winkelstrasse;30;3;Fuerstenbergstr.;30;;;;;;
17.08.2021;04.10.2021;0491;;Stifterstr. ;30;8;Gabelsbergerstr. ;50;;;;;;
23.08.2021;02.11.2021;9256;;Konzilstr.;30;La Piazza;Sternenplatz;50;;;;;;
31.08.2021;18.10.2021;9018;;Breslauer Str.;30;Schule;Riedstr.;50;;;;;;
13.09.2021;02.11.2021;8710;;Schwaketenstr.;"Tags 50 ; Nachts 30";Schule;Radolfzellerstr.;50;;;Statistik erfasst Tag/Nacht nicht;;;
13.09.2021;08.11.2021;4621;;Untere Laube;30;Schule;Rheinsteig;50;;;;;;
13.09.2021;18.10.2021;0715;;Fritz-Arnold-Str.;50;Schule;Robert-Bosch-Strasse;50;;;;;;
28.09.2021;18.10.2021;Viasis;;Mannheimer Str.;10;KIKA;Muehlenweg;40;;;Viasis;;;
28.09.2021;21.10.2021;0052;;Eichhornstr.;30;Rosenau;Mainaustr.;50;;11.10. Daten gezogen;;;;
28.09.2021;11.10.2021;8815;;H.-von-Vicari-Str.;30;19;Mainaustr.;50;;Blindmessung;;;;
04.10.2021;18.10.2021;Viasis;;Blumenstrasse;Verkehrsberuhigt;13,11,9;Grossherzog-Friedrich-Strasse;50;;;Viasis;;;
04.10.2021;15.11.2021;6047;;Schiffstrasse;50;Hoehe Haus 20;Faehre;80;;;;;;
04.10.2021;04.10.2021;0491;;Markgrafenstrasse;30;Hoehe Baum Immo.;Gottmannplatz;50;Display von Bus zerstoert;;;;;
11.10.2021;06.12.2021;5797;;Max-Stromeyer-Str.;50;13;Gottmannplatz;100;08.11.2021;;;;;
11.10.2021;15.11.2021;8815;;Hermann-von-Vicari-Str.;30;19;Mainaustr.;50;;;;;;
11.10.2021;06.12.2021;1415;;Radolfzeller Str.;30;27;Ortsausgang;50;;;;;;
11.10.2021;06.12.2021;8816;;Markgrafenstrasse;30;26;Gottmannplatz;50;Display von TBK zerstoert;;;;;
18.10.2021;06.12.2021;9018;;Breslauer Str.;30;Schule;Hardtstr.;50;;;;;;
18.10.2021;06.12.2021;0715;;Fritz-Arnold-Str.;50;gg.6;Stromeyersdorf;50;;;;;;
18.10.2021;08.11.2021;Viasis;;Steinrennen;10;6;Bettweisen;30;;;Viasis;;;
18.10.2021;08.11.2021;Viasis;;Hofhalde;10;4;Wessenbergstr.;30;;;Viasis;;;
25.10.2020;06.12.2021;0052;;Im Grund (Dettingen);30;28-32;Ortsmitte;50;;;;;;
02.11.2021;20.12.2021;8710;;Schwaketenstr.;"Tags 30 ; Abends 50";Grundschule;Uni ;50;14.12.2021;;Statistik erfasst Tag/Nacht nicht;;;
02.11.2021;10.01.2022;9256;;Konzilstr.;30;Bushaltestelle;Innenstadt;50;20.12.2021 + 22.12.2021;Daten gezogen 03.01.22/05.01.22 NeuerText;;;;
08.11.2021;20.12.2021;4621;;Universitaetsstrasse;50;Forstweg;Friedrichstrasse;80;25.11. 2021 + 14.12.2021;;;;;
08.11.2021;29.11.2021;Viasis;;Steinrennen;Verkehrsberuhigt;KiGa;Thingoltstr.;20;;;Viasis;;;
08.11.2021;29.11.2021;Viasis;;Hofhalde;Verkehrsberuhigt;4;Konzilstrasse;30;;;Viasis;;;
15.11.2021;16.12.2021;6047;;Schiffstr.;50;20;Mainaustr.;50;;;;;;
15.11.2021;19.01.2022;8815;;Grenzbachstr.;50;Mittig;Europastr.;50;besprueht worden ;05.01.22 Neuer Text;;;;
29.11.2021;24.01.2022;Viasis;;Clara-Schumann-Str.;10;3;Wendeplatte;40;20.12.21 + 18.01.22;;Viasis;;;
29.11.2021;24.01.2022;Viasis;;Stockackerweg;30;15;Friedrichstr.;50;20.12.21 + 18.01.22;;Viasis;;;
29.11.2021;05.01.2022;4354;;Obere Laube;30;Lutherkirche;Bodanstr.;50;besprueht worden ;;;;;
06.12.2021;07.12.2021;5797;;Max-Stromeyer-Str.;50;Lidl;Stadtauswaerts;50;;;/;;;
02.11.2021;20.12.2021;8710;;Schwaketenstr.;"Tags 30 ; Abends 50";Grundschule;Uni ;50;14.12.2021;04.01.22 Neuer Text;Statistik erfasst Tag/Nacht nicht;;;
06.12.2021;-----;8816;;Markgrafenstrasse;30;Zoo Riedle ;St.Gebhard Str.;100;Abgefahren Defekt;;Display zerstoert ;;;
06.12.2021;04.01.2022;9018;;Gustav-Schwab-Str.;30;KiGa;Moltkestrasse;50;Halterung beschaedigt.;;;;;
06.12.2021;14.12.2021;0715;;Sonnenbuehlstr.;50;89;Friedrichstr.;50;;;;;;
06.12.2021;24.01.2022;0052;;Mainaustr.;50;74;Allmannsdorferstr.;50;besprueht worden ;04.01.22 Neuer Text;;;;
06.12.2022;16.02.2022;1415;;Radolfzeller Str.;30;47;Fuerstenberg;50;;01.02.22 neuer text;;;;
07.12.2021;01.02.2022;5797;;Wollmatinger Str.;50;;Buhlenweg;50;;04.01.22 Neuer Text;;;;
14.12.2021;20.12.2021;0715;;Sonnenbuehlstr.;30;89;Friedrichstr.;50;Vandalismus;ab ca. 13.12.2021 30er-Zone;;;;
16.12.2021;01.02.2022;6047;;Alten Graben ;30;7;Wendeplatz;50;besprueht worden ;05.01.22 Neuer Text;;;;
20.12.2021;16.02.2022;8710;;Sonnenbuehlstr.;30;12;Mainaustr.;50;erneut besprueht worden;04.01.22 Neuer Text;;;;
20.12.2021;02.03.2022;4621;;Austrasse;30;83-85;Cherisy;50;x;04.01.22 Neuer Text;;;;
05.01.2022;04.03.2022;9018;;Obere Laube;30;Lutherkirche;Bodanstr.;50;18.01.2022;05.01.22 Neuer Text;;;;
10.01.2022;16.03.2022;9256;;Mainaustrasse;30;Grundschule;Staad;;18.01.2022;Messung reicht in den 50 km/h Bereich hinein;;;;
19.01.2022;19.04.2022;8815;;Fritz-Arnold-Str.;"Tags 30 ; Abends 50";19;Gottlieb-Daimler-Strasse;70;;Messung reicht in den 50 km/h Bereich hinein;Messung von Handy geschluckt ;;;
21.01.2022;29.03.2022;8100;;Feuersteinstr.;30;7;ZfP;50;28.01.2022;ohne Solarpanel installiert!!!;;;;
24.01.2022;24.05.2022;0052;;Mainaustr.;30 (Baustelle);90;Staad ;80;;Messung reicht in den 50 km/h Bereich hinein;Statistik der Baustelle wird nicht benoetigt ;;;
24.01.2022;30.03.2022;Viasis;;Siedlerweg;10;9;Sackgasse;50;;;Viasis;;;
24.01.2022;30.03.2022;Viasis;;Stockackerweg;30;15;Pfeiferhoelzle;100;;;Viasis;;;
01.02.2022;16.03.2022;6047;;Martin-Schleyer-Str.;40;gg. 30;Dingelsdorf ;100;;;;;;
01.02.2022;21.04.2022;5797;;Fuerstenbergstr.;50;114;Wollmatinger Str.;80;;Messung evtl nicht korrekt da Kurvenbereich;;;;
16.02.2022;19.04.2022;1415;;Stifterstr. ;30;8;Gabelsbergerstr. ;50;;;;;;
16.02.2022;02.05.2022;8710;;Eichhornstr.;30;10;Hoernle;50;;;;;;
02.03.2022;16.05.2022;4621;;Schulthaissstrasse;30;2c;Grenzbachstrasse;50;;;18 Tage fehlen. Ruecksprache mit ElanC.;;;
02.03.2022;02.05.2022;0715;;Reichenaustr.;"Tags 50 ; Nachts 30";Holly`s;Europabruecke;50;;;Statistik erfasst Tag/Nacht nicht;;;
04.03.2022;25.04.2022;9018;;Grenzbachstrasse ? ;50;Vor Doebele Kreisel;Europastr.;50;;;;;;
16.03.2022;09.05.2022;9256;;Martin-Schleyer-Str.;40;5;Ortsausgang;50;;gedreht in FR. Ortsausgang  durch Ortsverwaltung nach Beschwerde von Herr Grabow;;;;
16.03.2022;09.05.2022;6047;;Martin-Schleyer-Str.;40;30;Ortskern;50;;;;;;
29.03.2022;02.05.2022;8100;;Feuersteinstr.;30;7;Kindlebildstrasse;100;;;Bis hier alles gruene in OD;;;
30.03.2022;21.04.2022;Viasis;;Flurweg/Egg;Verkehrsberuhigt;5a;Siedlerweg;50;;;Viasis;;;
30.03.2022;02.05.2022;Viasis;;Kuhmoosweg ;30;5a;Pfeiferhoelzle;50;;;Viasis;;;
19.04.2022;07.06.2022;8815;;Fritz-Arnold-Str.;"Tags 30 ; Abends 50";19;;50;;;Statistik erfasst Tag/Nacht nicht;;;
19.04.2022;07.06.2022;1415;;Stifterstr. ;30;8;Radolfzellerstr.;50;;;;;;
21.04.2022;24.05.2022;Viasis;;Thomas-Saettele-Str.;Verkehrsberuhigt;Pflegeheim;;40;;;Viasis;;;
21.04.2022;11.07.2022;5797;;Markgrafenstr.;30;Kirche/KiGa;Ebertplatz;30;;;22  Tage fehlen. Ruecksprache mit ElanC.;;;
25.04.2022;04.07.2022;9018;;Mainaustr.;50;22;Eichhornstrasse;50;;;11 Tage fehlen. Ruecksprache mit ElanC.;;;
25.04.2022;27.06.2022;4354;;Sonnenbuehlstr.;30;18;Mainaustr.;50;;;;;;
02.05.2022;18.07.2022;8710;;Eichhornstr.;30;10;Mainaustr.;50;;;17 Tage fehlen. Ruecksprache mit ElanC.;;;
02.05.2022;18.07.2022;8100;;Reutestr.;30;54;Hardtstr.;50;;;Statistik durch leeren Akku geteilt;;;
02.05.2022;07.06.2022;Viasis;;Kuhmoosweg ;30;;Friedrichstrasse;50;;;Viasis;;;
02.05.2022;11.07.2022;0715;;Friedrichstr.;50;35;Uni;50;;;11 Tage fehlen. Ruecksprache mit ElanC.;;;
09.05.2022;11.07.2022;6047;;Byk-Gulden-Str.;50;25;Riedstr.;50;;;;;;
09.05.2022;19.07.2022;9256;;Litzelstetter Str;30;36;Radolfzellerstr.;100;;;;;;
16.05.2022;04.07.2022;4621;;Danzigerstr.;30;7;Stockackerweg;50;;;;;;
24.05.2022;25.07.2022;Viasis;;Mannheimerstrasse;Verkehrsberuhigt;9;Wendeplatte;40;;;Viasis;;;
24.05.2022;19.07.2022;0052;;Untere Laube;30;Stephansschule;Rheinsteig;50;;;;;;
07.06.2022;01.08.2022;8815;;Lindauerstrasse;30;10;Jakobstr.;50;;;;;;
07.06.2022;25.07.2022;1415;;Kindlebildstr.;50;46;Engelsteig;50;;;;;;
07.06.2022;18.07.2022;Viasis;;Cherisy;30;21;Pflegeheim;40;;;Viasis;;;
27.06.2022;15.08.2022;4354;;Jacob-Burckhardt-Str.;30;16;Sonnenbuehlstr.;100;;;;;;
04.07.2022;01.08.2022;4621;;Danzigerstr.;30;7;Friedrichstr.;50;;;;;;
04.07.2022;29.08.2022;9018;;Mainaustr.;50;22;Sternenplatz;50;;;;;;
11.07.2022;04.01.2022;5797;;Markgrafenstr.;30;Kirche/KiGa;Schneckenburgstr.;50;;;ca.30 Tage fehlen.Ruecksprache mit ElanC.;;;
11.07.2022;29.08.2022;0715;;Wollmatingerstr.;50;43;Zaehringerplatz;100;;;;;;
11.07.2022;29.08.2022;5047;;Byk-Gulden-Str.;50;25;Stadauswaerts;100;;;;;;
18.07.2022;05.09.2022;8710;;Mainaustr.Egg;30;205;Mainaustr.;50;;;;;;
18.07.2022;05.09.2022;8100;;Reutestr.;30;54;Cherisy;50;;;;;;
18.07.2022;29.08.2022;Viasis;;Blumenstrasse;10;15;Rathaus;50;;;Viasis ;;;
19.07.2022;10.10.2022;0052;;Untere Laube;30;KiGa/AOK;Rheinsteig;50;;Ohne Solarpanel installiert!!!;;;;
19.07.2022;05.09.2022;9256;;Schwaketenstr.;50;66;Universiaet;50;;;;;;
25.07.2022;06.09.2022;Viasis;;Mannheimerstr-;10;9;Brandenburgerstr.;40;;;Viasis ;;;
25.07.2022;29.08.2022;1415;;Kindlebidstr.;50;49;Feursteinstr.;100;;;;;;
01.08.2022;05.09.2022;8815;;Lindauerstrasse;30;30;Faehre;50;;;;;;
01.08.2022;04.10.2022;4621;;Konzilstr.;30;Philharmonie;Bahnhof;50;;;;;;
15.08.2022;06.09.2022;4354;;Jacob-Burckhardt-Str.;30;23;Friedrichstr.;50;;;;;;
29.08.2022;26.09.2022;9018;;Kapitaen-Romer-Str.;40;22;Langenrainerstr.;50;;;;;;
29.08.2022;26.09.2022;0715;;Wollmatingerstr.;50;43;Friedhof;50;;;;;;
29.08.2022;26.09.2022;5047;;Fuerstenbergstr.;50;32;Radolfzellerstr.;50;;;;;;
29.08.2022;25.10.2022;1415;;Radolfzellerstr.;30;65;Engelsteig;50;;;;;;
29.08.2022;04.10.2022;Viasis;;Blumenstrasse;Verkehrsberuhigt;15;Holdersteig ;50;;;Viasis;;;
05.09.2022;28.11.2022;9256;;Schwaketenstr.;30;Grundschule;Radolfzellerstr.;50;;;;;;
05.09.2022;26.09.2022;8710;;Mainaustr.;50;130;Faehre;50;;;;;;
05.09.2022;28.11.2022;8100;;Breslauer Str.;30;Schule;Riedstr.;50;;;;;;
05.09.2022;26.09.2022;8815;;Mainaustr.;50;50;Faehre;50;;;;;;
06.09.2022;14.11.2022;4354;;Steinstrasse;30;Schule;Zaehringerplatz;50;;Ohne Solarpanel ;;;;
06.09.2022;14.11.2022;Viasis;;Sonnentauweg;30;23;Buhlenweg;50;;;Viasis;;;
26.09.2022;10.10.2022;9018;;Kapitaen-Romer-Str.;40;22;Ortsmitte;50;;;;;;
26.09.2022;10.10.2022;0715;;Wollmatingerstr.;50;43;Zaehringerplatz;50;;;;;;
26.09.2022;10.10.2022;5047;;Fuerstenbergstr.;50;32;Hardtstrasse;50;;;;;;
26.09.2022;10.10.2022;8710;;Mainaustrasse;50;130;Stadteinwaerts;50;;;;;;
26.09.2022;10.10.2022;8815;;Mainaustrasse;50;50;Stadteinwaerts;50;;;;;;
04.10.2022;12.12.2022;5797;;Kindlebildstr.;50;Krz.Feursteinstr.;Reichenau;50;;;;;;
04.10.2022;14.11.2022;Viasis;;Otto-Raggenbass-Str.;10;5;Zoll;30;;;Viasis;;;
04.10.2022;05.12.2022;4621;;Taborweg;30;13;Pfeiferhoelzle;50;;;;;;
10.10.2022;12.12.2022;9018;;Friedrichstr.;50;73;Uni;50;;;;;;
10.10.2022;13.12.2022;0715;;Buhlenweg;30;1;Fuerstenbergstr.;50;;;;;;
10.10.2022;14.12.2022;6047;;Max-Stromeyer-Str.;30;Mitte 30er Bereich;Oberlohn;50;;;csv-Datei erstellt;;;
10.10.2022;19.12.2022;8710;;Wollmatingerstr.;50;165;Fuerstenbergstr.;50;;;;;;
10.10.2022;14.12.2022;8815;;Allmannsdorfer Str.;50;28;Mainaustr.;50;;;;;;
10.10.2022;19.12.2022;0052;;Rheingutstr.;30;27;Bruecke;50;;;;;;
25.10.2022;21.11.2022;1415;;Zeller Strasse (Dettingen);30;15;Langenrainer Strasse;100;;;;;;
14.11.2022;16.01.2023;4354;;Steinstrasse;30;20;Schneckenburgstr.;50;;;;;;
14.11.2022;16.01.2023;Viasis;;Karlsruherstr.;30;Spielplatz;Hardstr.;50;;;Viasis;;;
14.11.2022;13.12.2022;Viasis;;Sonnentauweg;30;52;Taborweg;30;;;Viasis;;;
21.11.2022;23.01.2023;1415;;Torkelbergstr.;30;11;Alte Torkelbergstr.;50;;;;;;
28.11.2022;23.01.2023;9256;;Schwaketenstr.;"Tags 30 ; Abends 50";Grundschule;Uni;50;;;;;;
28.11.2022;23.01.2023;8100;;Breslauer Str.;30;Schule;Hardtstrasse;50;;;;;;
12.12.2022;30.01.2023;9018;;Benedikt-Bauer-Str.;30;17;Schwaketenstr.;50;;;;;;
12.12.2022;30.01.2023;5797;;Kindlebilstr.;50;Krz.Feursteinstr.;Wollmatingen;50;;;;;;
13.12.2022;30.01.2023;0715;;Buhlenweg;30;13;Schwaketenstr.;50;;;;;;
13.12.2022;06.02.2023;Viasis;;Zeppelinstr.;30;6;Mainaustr.;50;;;;;;
14.12.2022;06.02.2023;8815;;Allmannsdorfer Str.;50;28;Zaehringerplatz;50;;;;;;
14.12.2022;06.02.2023;4621;;Buecklestr.;30;84;Schneckenburgstr.;50;;;;;;
19.12.2022;13.02.2023;8710;;Am Pfeiferhoelzle;30;18;Stockackerweg;50;;;;;;
19.12.2022;13.02.2023;6047;;Mainaustr.;30;148;Dreherkurve;50;;;;;;
19.12.2022;13.02.2023;0052;;Rheingutstr.;30;33;HTWG;50;;;;;;
16.01.2023;13.03.2023;4354;;Bodanstrasse;30;21;Lago;50;;;;;;
16.01.2023;07.03.2023;Viasis;;Gustav-Schwab-Str.;Verkehrsberuhigt;Schule;Moltkestr.;30;;;;;;
23.01.2023;13.03.2023;1415;;Torkelbergstr.;30;7;Martin-Schleyer-Str.;50;;;;;;
23.01.2023;20.03.2023;9256;;Schwaketenstr.;"Tags 30 ; Abends 50";GSS;Uni;50;;;;;;
23.01.2023;20.03.2023;8100;;Riedstr.;50;19-21;Fuerstenberg;50;;;;;;
30.01.2023;20.03.2023;9018;;Benedikt-Bauer-Str.;30;17;Litzelstetterstr.;50;;;;;;
30.01.2023;03.04.2023;5797;;Sonnenbuehlstr.;30;Schule;Mainaustr.;50;;;;;;
30.01.2023;03.04.2023;0715;;Jakobstrasse;30;27b;Staaderstr.;50;;;;;;
06.02.2023;07.03.2023;Viasis;;Zeppelinstr.;30;6;Brandestrasse;50;;;;;;
06.02.2023;27.03.2023;8815;;Hermann-von-Vicari-Strasse;30;KiGa;Jakobstr.;50;;;;;;
06.02.2023;27.03.2023;4621;;Buecklestr.;30;70;Elberfeld;50;;;;;;
13.02.2023;03.04.2023;8710;;Jakobstr.;30;ca.100 M.v.Seehalde;Hoernle;50;;;;;;
13.02.2023;27.04.2023;0052;;Gottlieber Str.;30;Ecke Schottenstr.;Paradies;50;;;;;;
13.02.2023;03.04.2023;6047;;Mainaustr.;30;148;Faehre;50;;;;;;
07.03.2023;08.04.2023;Viasis;;Eichbuehlstr.;30;10 Hoehe KIGA;Ortsausgang;50;;;;;;
07.03.2023;17.04.2023;Viasis;;W.-Graf-Platz;10;Platz;Faehre;30;;;;;;
13.03.2023;15.05.2023;1415;;Am Briel;30;40;Schneckenburgstr.;50;;;;;;
13.03.2023;15.05.-2023;4354;;Bodanstr.;30;21;Doebele;50;;;;;;
20.03.2023;15.05.2023;9256;;Schwaketenstr.;"Tags 30 ; Abends 50";GSS;Buhlenweg;50;;;;;;
20.03.2023;15.05.2023;8100;;Riedstr.;50;19-21;Max-Stromeyer-Str.;50;;;;;;
20.03.2023;15.05.2023;9018;;Hoheneggstr.;30;31;EGG;50;;;;;;
27.03.2023;30.05.2023;8815;;Friedrichstr.;"Tags 30 ; Abends 50";MHD;Zaehringerplatz;50;;;;;;
27.03.2023;24.05.2023;4621;;Litzelstetterstr.;30;29;Benedikt-Bauer-Str.;50;;;;;;
03.04.2023;30.05.2023;5797;;Sonnenbuehlstr.;30;38/ Hoehe Schule;Friedrichstr.;50;;;;;;
03.04.2023;30.05.2023;8710;;Jakobstr.;30;ca.100 M.v.Seehalde;Lindauerstr.;50;;;;;;
03.04.2023;30.05.2023;0715;;Jakobstr.;30;27b;H.-v.-Vicari-Str.;50;;;;;;
03.04.2023;05.06.2023;6047;;Radolfzellerstr.;30;38;Riedstr.;50;;;;;;
17.04.2023;05.06.2023;Viasis;;Gustav-Schwab-Str.;Verkehrsberuhigt;9;Bahnhof;50;;;;;;
27.04.2023;03.07.2023;0052;;Gottlieber Str.;30;5;Laube;50;;;;;;
08.04.2023;03.07.2023;Viasis;;Flurweg/Egg;Verkehrsberuhigt;5a;Wolfsried;50;;;;;;
15.05.2023;17.07.2023;4354;;Obere Laube;30;40;Bodanstr./Doebele;50;;;;;;
15.05.2023;17.07.2023;8100;;Fuerrstenbergstr.;50;54;Radolfzellerstr.;50;;20.09.20223;;;;
15.05.2023;17.07.2023;9256;;Hermann-von-Vicari-Str.;30;25;Jakobstr.;50;;;;;;
15.05.2023;26.06.2023;9018;;Hoheneggstr.;30;31;Schiffstr.;50;;;;;;
15.05.2023;26.06.2023;1415;;Am Briel;30;60;Bismarksteig;50;;;;;;
15.05.2023;10.07.2023;Viasis;;Rheinsteig ;30;GG-Zoffingen;Untere Laube;50;;;;;;
24.05.2023;05.06.2023;4621;;Brueckenkopf;50;;Bahnhof;;Keine Statistik, dient nur zur Anzeige;;;;;
30.05.2023;24.07.2023;8815;;Friedrichstr.;"Tags 30 ; Abends 50";GG.Haus 14;Stockackerweg;50;;;;;;
30.05.2023;03.07.2023;5797;;Line-Eid-Str.;50;Bushaltestelle;Stromeyersdorg;50;;;;;;
30.05.2023;24.07.2023;8710;;Stifterstr. ;30;16;Radolfzellerstr.;50;;;;;;
30.05.2023;24.07.2023;0715;;Eichhornstr.;30;Rosenau;Hoernle;50;;;;;;
05.06.2023;08.08.2023;6047;;Radolfzellerstr.;30;38;Ortsausgang;50;;;;;;
05.06.2023;;4621;;Konzilstrasse;50;Bushaltestelle;Bahnhof;;Keine Statistik, dient nur zur Anzeige;;;;;
05.06.2023;26.06.2023;Viasis;;Gustav-Schwab-Str.;Verkehrsberuhigt;9;Schneckenburg-Str.;50;;;;;;
26.06.2023;08.08.2023;Viasis;;Am Pfeiferhoelzle;30;2;Universitaetsstr.;50;;;;;;
26.06.2023;19.07.2023;9018;;Bagnatosteig;30;20a;Dingelsdorf;50;;;;;;
26.06.2023;10.08.2023;1415;;Reichenaustr.;"Tags 30 ; Abends 50";3e;Spanierstrasse;50;;;;;;
03.07.2023;28.08.2023;0052;;Gottlieber Str.;30;15;Schulthaissstr.;50;;;29.08.2023;;;
03.07.2023;22.08.2023;5797;;Kamorstr.;30;2a;Eichhornstrasse;30;;;28.08.2023;;;
03.07.2023;28.08.2023;Viasis;;Bachgasse/Egg;Verkehrsberuhigt;gg. 10;Hafen;30;;;;;;
10.07.2023;22.08.2023;Viasis;;Alter Graben;Verkehrsberuhigt;7;Schweiz;50;;;;;;
17.07.2023;10.08.2023;4354;;Obere Laube;30;73;Untere Laube;50;;;20.09.2023;;;
17.07.2023;05.09.2023;8100;;Fuerstenbergstr.;50;54;Wollmatingerstr.;50;;;05.09.2023;;;
17.07.2023;28.08.2023;9256;;Hermann-von-Vicari-Str.;30;25;Mainaustr.;50;;;29.08.2023;;;
19.07.2023;15.08.2023;9018;;Bagnatosteig;30;20a;Dingelsdorf;50;;19.07.23 Daten gezogen;20.09.2023;;;
24.07.2023;15.08.2023;8815;;Zellerstr.;30;15;Langenrainerstr.;50;;;20.09.2023;;;
24.07.2023;05.09.2023;0715;;Eichhornstr.;30;Rosenau;Mainaustr.;50;;;05.09.2023;;;
24.07.2023;05.09.2023;8710;;Stifterstr. ;30;16;Gabelsbergerstr.;50;;;05.09.2023;;;
08.08.2023;25.09.2023;6047;;Am Pfeiferhoelzle;30;18;Stockackerweg;50;;;21.11.2023;;;
08.08.2023;25.09.2023;Viasis;;Hofhalde;Verkehrsberuhigt;4;Wessenbergstr.;30;;;17.11.2023;;;
10.08.2023;23.10.2023;4354;;Verbindungsstrasse Grenzbachstr/Laube;30;Mittig;Bodanstr.;50;Keine Statistik, dient nur zur Anzeige;;;;;
10.08.2023;18.09.2023;1415;;Obere Laube;30;40;Doebele;50;Keine Statistik, dient nur zur Anzeige;;;;;
15.08.2023;22.08.2023;9018;;Oberdorfstrasse;30;24;Litzestetten;50;;;20.09.2023;;;
15.08.2023;11.09.2023;8815;;Zellerstr.;30;15;Ortsausgang;30;;;20.09.2023;;;
22.08.2023;25.09.2023;9018;;Heinrich-v.-Tettingen-Str.;50;2a;Hafen;50;;;21.11.2023;;;
22.08.2023;11.09.2023;5797;;Kamorstr.;30;2a;Casino;30;;;20.09.2023;;;
22.08.2023;25.09.2023;Viasis;;Schulthaissstr.;30;10;Grenzbachstrasse;50;;;17.11.2023;;;
28.08.2023;09*.10.2023;0052;;Gottlieber Str.;30;15;Lutherplatz;50;;;21.11.2023;;;
28.08.2023;25.09.2023;Viasis;;Hermann-Hesse-Weg;30;10;Therme;50;;;17.11.2023;;;
28.08.2023;23.10.2023;9256;;Hermann-von-Vicari-Str.;30;KIGA;Jakobstr.;50;;;18.01.2024;;;
05.09.2023;23.10.2023;8100;;Radolfzellerstr.;30;65;Engelsteig;50;;;19.01.2024;;;
05.09.2023;07.11.2023;8710;;Breslauerstr.;30;Schule;Riedstr.;50;;;08.11.2023;;;
05.09.2023;07.11.2023;0715;;Mainaustr.;30;148;Faehre;50;;;08.11.2023;;;
11.09.2023;27.11.2023;8815;;Fritz-Arnold-Str.;30/50;gg 14/Schule;TBK;30;"13.11.;";;;;;
11.09.2023;07.11.2023;5797;;Schwaketenstr.;30/50;Grundschule;Universitaet;50;;;08.11.2023;;;
18.09.2023;07.11.2023;1415;;Sonnenbuehlstr.;30;22;Mainaustr.;50;;;08.11.2023;;;
25.09.2023;27.11.2023;6047;;Am Pfeiferhoelzle;30;18;Taborweg;50;;;;;;
25.09.2023;23.10.2023;Viasis;;Hofhalde;Verkehrsberuhigt;4;Konzilstrasse;30;;;17.11.2023;;;
25.09.2023;20.11.2023;9018;;Heinrich-v.-Tettingen-Str.;50;2a;Ortsausgang;50;;;21.11.2023;;;
25.09.2023;13.11.2023;Viasis;;Schulthaissstr.;30;2c;Gottlieberstr.;50;;;17.11.2023;;;
25.09.2023;07.11.2023;Viasis;;Mannheimerstr.;Verkehrsberuhigt;Mittig;Brandenburgerstr.;30;;;17.11.2023;;;
09.10.2023;23.10.2023;0052;;Rheinsteig ;30;gg.Klostergasse;Untere Laube;50;ohne Solarpanel;durch Vandalismus  am 21./22.10. zerstoert;;;;
23.10.2023;12.01.2024;9256;;Eichhornstr.;50;36;Hoernle;50;Daten gezogen;;;;;
23.10.2023;13.11.2023;Viasis;;Thomas-Saettele-Str.;10;5;Bachbohlweg;30;;;17.11.2023;;;
23.10.2023;02.09.2024;4354;;Verbindungsstrasse Grenzbachstr/Laube;30;Mittelinsel;Obere Laube;30;;;;;;
23.10.2023;08.01.2024;8100;;Alter Bannweg;30;11;Taborweg;50;;;;;;
07.11.2023;18.01.2021;8710;;Breslauerstr.;30;Schule;Hardtstr.;50;Daten gezogen;;;;;
07.11.2023;11.01.2024;0715;;Mainaustr.;30;148;Stadteinwaerts;50;Daten gezogen;;21.02.2023;;;
07.11.2023;11.01.2024;5797;;Schwaketenstr.;30/50;Grundschule;Radolfzellerstr.;50;Daten gezogen;Geraet misst in den 50 km/h-Bereich rein, Statistik deswegen nur bedingt aussagekraeftig;23.02.2024;;;
07.11.2023;08.01.2024;1415;;Untere Laube;30;Katzgasse;Rheinsteig;50;;;21.02.2023;;;
07.11.2023;08.01.2024;Viasis;;Mannheimerstr.;10;30/38;Muehlenweg;50;;;Keine Rohdaten!!!;;;
13.11.2023;08.01.2024;Viasis;;Sonnenbuehlstr.;30;68;Friedrichstr.;40;Statistik 13.11.-20.12. erstellt;;10.01.2024;;;
13.11.2023;16.01.2024;Viasis;;Thomas-Saettele-Str.;10;5;Benedikt-Bauer-Str.;40;;;08.10.2024;;;
27.11.2023;11.01.2024;8815;;Schwaketenstr.;30/50;GSS;Universitaet;50;Daten gezogen;;;;;
27.11.2023;30.01.2024;6047;;Bruder-Klaus-Str.;30;10;von-Emmich-Str;150;;;;;;
08.01.2024;11.03.2024;8100;;Alter Bannweg;30;11;Friedhof;50;;;;;;
08.01.2024;19.03.2024;Viasis;;Clara-Schumann-Str.;10;2;Lorettowald;30;27.02.;;08.10.2024;;;
08.01.2024;19.03.2024;1415;;Bodanstr.;30;21;Lago;50;Ab 30.01.2024 HO NARRO!;;Keine Rohdaten!!!;;;
08.01.2024;19.03.2024;Viasis;;Rheinsteig ;30;gg.Klostergasse;Untere Laube;50;27.02.;;08.10.2024;;;
11.01.2024;30.01.2024;0715;;Mainaustr.;30;147;Stadteinwaerts;50;;;21.02.2024;;;
11.01.2024;13.02.2024;5797;;Schwaketenstr.;30/50;Grundschule;Radolfzellerstr.;50;;;26.02.2024;;;
11.01.2024;13.02.2024;8815;;Schwaketenstr.;30/50;GSS;Universitaet;50;;;;;;
12.01.2024;11.03.2024;9256;;Eichhornstr.;50;36;Hoernle;50;;;13.03.2024;;;
16.01.2024;20.03.2024;Viasis;;Flurweg/Egg;10;5;Egger Wiese;30;27.02.;;08.10.2024;;;
20.11.2023;30.01.2024;9018;;Gartenstr.;30;Pflegeheim;Zasiusstr.;50;;;;;;
21.11.2023;11.03.2024;2262;;Wollmatinger Str.;50;43;Zaehringerplatz;50;;Daten (11.03.24 bis 10:00 Uhr) werden noch gezogen;Rohdaten fehlen;;;
18.01.2024;12.02.2024;8710;;Breslauer Str.;30;Schule;Hardtstr.;50;;;28.02.2024;;;
30.01.2024;09.04.2024;0715;;Mainaustr.;50;90;Faehre;50;HO NARRO!;;24.04.2024;;;
30.01.2024;09.04.2024;6047;;Bruder-Klaus-Str.;30;2;Schneckenburgstr-;50;HO NARRO!;;24.04.2024;;;
30.01.2024;09.04.2024;9018;X;Gartenstr.;30;Ecke Kapplersgutweg;Neue Bruecke;50;HO NARRO!;;24.04.2024;;;
12.02.2024;27.02.2024;8710;;Kindlebildstr.;50;26;Radolfzellerstr.;50;;;20.06.2024;;;
13.02.2024;29.04.2024;5797;;Radolfzeller Str.;30;20;Riedstr.;50;;;07.05.2024;;;
13.02.2024;09.04.2024;8818;;Allmansdorfer Str.;50;28;Mainaustr.;50;;;24.04.2024;;;
27.02.2024;19.03.2024;8710;;Kindlebildstr.;50;Feursteinstr.;Reichenau;70;;;20.06.2024;;;
11.03.2024;29.04.2024;8100;;Torkelbergstrasse;30;7;H.-M.-Schleyer-Str.;50;;;08.05.2024;;;
11.03.2024;13.05.2024;9256;;Eichhornstr.;50;36;Mainaustr.;50;;;20.06.2024;;;
11.03.2024;20.03.2024;2262;;Wollmatinger Str.;50;43;Friedhof;50;Daten gezogen(Auch FR.Zaehringerpl.);;Rohdaten fehlen;;;
19.03.2024;29.04.2024;Viasis;;Clara-Schumann-Str.;10;2;Eichhornstrasse;30;;;05.09.2024;;;
19.03.2024;13.05.2024;Viasis;;Rheinsteig ;30;gg.Klostergasse;Bruecke;50;;;Keine Rohdaten!;;;
19.03.2024;13.05.2024;1415;;Hoheneggstr.;30;7;Staaderstr.;50;;;20.06.2324;;;
19.03.2024;21.05.2024;8710;;Kindlebildstr.;30;30;Radolfzellerstr.;50;;;20.06.2024;;;
20.03.2024;29.04.2024;Viasis;;Flurweg/Egg;10;5;Mainaustr.;30;DEFEKT!!!;;Keine Rohdaten!;;;
20.03.2024;13.05.2024;2262;;Wollmatingerstr.;50;43;Friedhof;50;;;21.06.2024;;;
09.04.2024;03.06.2024;6047;;Laengerbohlstr.;30;25;Buhlenweg;100;;;21.06.2024;;;
09.04.2024;17.06.2024;9018;;Taborweg;30;13;Pfeiferhoelzle;30;;;21.06.2024;;;
09.04.2024;03.06.2024;0751;;Mainaustr.;50;96;Stadteinwaerts;50;;;24.06.2024;;;
09.04.2024;17.06.2024;8815;;Allmansdorfer Str.;50;25;Zaehringerplatz;50;Geraet Defekt ausser Betrieb;;24.06.2024;;;
29.04.2024;24.06.2024;8100;;Schiffstr.;50;20;Faehre;50;;;26.06.2024;;;
29.04.2024;03.06.2024;Viasis;;Hoeriblick;10;9;Stifterstr.;50;;;16.10.2024;;;
29.04.2024;01.07.2024;5797;;Radolfzeller Str.;30;20;Kindlebildstrasse;50;;;13.08.2024;;;
13.05.2024;08.07.2024;9256;;Eichhornstr.;30;Hotel Waldhaus Jakob;Hoernle;50;;;13.08.2024;;;
13.05.2024;15.07.2024;1415;;Hoheneggstr.;30;7;Schiffstrasse;50;;;14.08.2024;;;
13.05.2024;24.06.2024;Viasis;;Stockackerweg;30;78-81;Am Pfeiferhoelzle;50;;;08.10.2024;;;
13.05.2024;15.07.2024;2262;;Reichenaustr.;60;Mercedes-Benz;Flughafen;50;;;14.08.2024;;;
21.05.2024;22.07.2024;8710;;Kindlebildstr.;30;30;ZPR;50;;;14.08.2024;;;
03.06.2024;22.07.2024;6047;;Laengerbohlstr.;30;25;Hoeriblick;100;;;16.08.2024;;;
03.06.2024;17.06.2024;0751;;Mainaustr.;30(Baustelle);96;Stadteinwaerts;50;Ampelregelung Baustelle;Daten nicht Aussagefaehig, Umstellung 30 km/h-50 km/h;24.06.2024 nicht Aussagefaehig;;;
03.06.2024;22.07.2024;Viasis;;Muehlbachweg;10;12;Ortsmitte;50;;;16.10.2024;;;
06.05.2024;24.06.2024;Viasis;;Zum Hussenstein;10;7;Zoll/CH;50;;Geraet ab 24.06.24 Defekt!!!;16.10.2024;;;
17.06.2024;12.08.2024;9018;;Am Pfeiferhoelzle;30;18;Stockackerweg;50;Beschwerde!;Unfall Bus 02.07.23/ Halterung erneuert Test OK;13.08.2024;;;
17.06.2024;01.07.2024;0751;;Mainaustr.;50;96;Stadteinwaerts;50;;;04.09.2024;;;
24.06.2024;19.08.2024;8100;;Schiffstr.;50;20;Mainaustr.;50;;;04.09.2024;;;
24.06.2024;12.08.2024;Viasis;;Griesseggstr.;30;11;Gartenstr.;50;;;16.10.2024;;;
01.07.2024;26.08.2024;5797;;Radofzeller Str.;30;63;Engelsteig;50;;;04.09.2024;;;
01.07.2024;16.09.2024;8815;;Buhlenweg;30;11a;Schwaketenstr.;50;;;26.09.2024;;;
01.07.2024;19.08.2024;0751;;Jacob-Burckhard-Str.;30;23;Friedrichstr.;50;;;04.09.2024;;;
08.07.2024;19.08.2024;9256;;Eichhornstrasse ;30;Hoehe Waldhaus Jakob;Rosenau;50;;;04.09.2024;;;
15.07.2024;30.09.2024;1415;;Reichenaustr.;50/30;Ecke A.-Schmid-Str.;Spanierstr.;50;;;16.10.2024;;;
15.07.2024;26.08.2024;2262;;Reichenaustr.;60;Mercedes-Benz;Adam-Opel-Str.;50;;;04.09.2024;;;
22.07.2024;30.09.2024;8710;;Buecklestr.;30;70;Oberlohnstrasse;50;;;09.10.2024;;;
22.07.2024;30.09.2024;6047;;Mainaustr. ;30;gg.30;Faehre;50;;;09.10.2024;;;
22.07.2024;26.08.2024;Viasis;;Muehlbachweg;30;96;Dettingen;30;;;16.10.2024;;;
12.08.2024;02.09.2024;Viasis;;Griesseggstr.;30;11;Gottlieber Zoll;50;;;04.09.2024;;;
12.08.2024;30.09.2024;9018;;Breslauer Strasse ;30;Schule;Riedstrasse;50;;;16.10.2024;;;
19.08.2024;07.10.2024;8100;;Mainaustrasse;30;gg. Schule;Staad;50;;;16.10.2024;;;
19.08.2024;02.09.2024;0751;;Sonnenbuehlstr.;30;36b;Friedrichstrasse;50;;Spionmodus;26.09.2024;;;
19.08.2024;07.10.2024;9256;;Eichhornstrasse ;50;10;Mainaustr.;50;;;16.10.2024;;;
26.08.2024;09.09.2024;5797;;Schwaketenstr.;50;Grundschule;Radolfzeller Str.;100;;Schulferien;26.09.2024;;;
26.08.2024;15.10.2024;2262;;Sonnentauweg;30;35;Buhlenweg;100;;;06.11.2024;;;
26.08.2024;15.10.2024;Viasis;;An der Steig;10;5;Hermann-von-Vicari;40;;;16.10.2024;;;
02.09.2024;09.09.2024;9621;;Fritz-Arnold-Str.;50;17;Siemensstr.;50;;;26.09.2024;;;
02.09.2024;30.09.2024;0751;;Sonnenbuehlstr.;30;36b;Friedrichstrasse;50;;;16.10.2024;;;
02.09.2024;05.11.2024;4354;;Karlsruher Strasse;30;ggue. 15;Hardtstrasse;50;;;06.11.2024;;;
02.09.2024;30.09.2024;Viasis;;Mannheimer Strasse;10;5;Muehlenweg;70;;;16.10.2024;;;
09.09.2024;05.11.2024;9621;;Fritz-Arnold-Str.;30/50;17;Siemensstr.;50;;;06.11.2024;;;
09.09.2024;11.11.2024;5797;;Schwaketenstr.;50;Grundschule;Radolfzeller Str.;100;;;12.11.2024;;;
16.09.2024;11.11.2024;8815;;Buhlenweg;30;11a;Fuerstenbergstr.;50;;;27.11.2024;;;
30.09.2024;19.11.2024;9018;;Breslauerstr.;30;Schule;Hardstr.;50;;;27.11.2024;;;
30.09.2024;28.10.2024;Viasis;;Kreuzlingerstr.;30;42;Emmishoferstr.;50;;;06.11.2024;;;
30.09.2024;25.11.2024;6047;;Mainaustr.;30;gg. 30;Egg;50;;;27.11.2024;;;
30.09.2024;25.11.2024;0751;;Sonnenbuehlstr.;30;36b;Mainaustr.;50;;;27.11.2024;;;
30.09.2024;19.11.2024;8710;;Buecklestr.;30;70;Schneckenburgstr.;50;;;27.11.2024;;;
30.09.2024;25.11.2024;1415;;Reichenaustr.;30/50;gg. 7a;Schneckenburgstr.;50;;;27.11.2024;;;
07.10.2024;02.12.2024;8100;;Mainaustrasse;30;gg. Schule;stadteinwaerts;50;;;02.12.2024;;;
07.10.2024;02.12.2024;9256;;Wollmatingerstr.;50;70 (vor dm);Taborweg;50;;;11.12.2024;;;
15.10.2024;05.11.2024;Viasis;;An der Steig;10;5;Oberstegle;40;;;16.11.2024;;;
15.10.2024;02.12.2024;2262;;Reutestr.;30;54;Hardtstrasse;50;;;Rohdaten fehlerhaft!;;;
28.10.2024;02.12.2024;Viasis;;Kreuzlinger Str.;30;24;Emmishofer Strasse;30;;Neuer 30 km/h Bereich;07.01.2025;;;
05.11.2024;13.01.2025;4354;;Rheingutstr.;30;39;HTWG;50;;;14.01.2025;;;
05.11.2024;27.01.2025;Viasis;;Wallgutstr.;20;Wallgutstr./Bruelstr.;Obere Laube;30;10.01.2025;Baustelle;29.01.2025;;;
05.11.2024;16.12.2024;9621;;Schwaketenstr.;30/50;GSS;Universitaet;50;;;07.01.2025;;;
11.11.2024;11.12.2024;5797;;Jungerhalde;30;26;AWO Pflegeheim;50;;;07.01.2025;;;
11.11.2024;13.01.2025;8815;;Mainaustr. Egg;30;210;Ortsmitte;30;;;14.01.2025;;;
19.11.2024;03.02.2025;8710;;Allmannsdorferstr.;30;82;Zaehringerplatz;50;;Neuer 30 km/h Bereich;04.02.2025;;;
19.11.2024;03.02.2025;9018;;Zaehringerplatz;30;Schule;Allmannsdorferstr.;30;10.01.2025;Neuer 30 km/h Bereich;04.02.2025;;;
25.11.2024;03.02.2025;0751;;Im Loh;30;Volapuek;Ortsmitte;30;;Neuer 30 km/h Bereich;04.02.2025;;;
25.11.2024;03.02.2025;1415;;Theodor-Heuss-Str.;30;27;Sternenplatz;50;;Neuer 30 km/h Bereich;04.02.2025;;;
25.11.2024;10.12.2024;6047;;Friedrichstrasse;50;65;Zaehringerplatz;50;;Voreingestellt auf neue 30 km/h Zone (SP);11.12.2024;;;
02.12.2024;13.12.2024;8100;;Fuerstenbergstrasse;50;16;Hardtstrasse;50;;;07.01.2025;;;
02.12.2024;03.02.2024;9256;;Wollmatingertrasse;50;70;Steinstrasse;50;;;11.02.2025;;;
02.12.2024;03.02.2024;2262;;Reutestr.;30;54;Elberfeldstrasse;50;;;04.02.2025;;;
02.12.2024;20.01.2025;Viasis;;Mainaustrasse;50;;Staad;50;10.01.2025;Daten erstmals am 10.01.2025 gezogen;29.01.2025;;;
10.12.2024;20.01.2025;6047;;Friedrichstrasse;30;65;Zaehringerplatz;50;;Neuer 30 km/h Bereich;29.01.2025;;;
11.12.2024;10.02.2025;5797;;Kapitaen-Romer-Str.;40;Ortseinfaht Friedhof;Ortsmitte;50;;;11.02.2025;;;
13.12.2024;10.02.2025;8100;;Fuerstenbergstr.;30;16;Hardtstr.;50;;Neuer 30 km/h Bereich;11.02.2025;;;
16.12.2024;24.02.2025;9621;;Riedstr.;30;1;Breslauerstrasse;50;10.01.2025;Neue 30 km/h Bereich;03.03.2025;;;
13.01.2025;20.01.2025;4354;;Am Pfeiferhoelzle;30;16;Stockackerweg;50;;;GeDi Defekt !!!/29.01.2025;;;
13.01.2025;24.02.2025;8815;;Mainaustr. Egg;30;210;Ortsausgang;50;;;03.03.2025;;;
20.01.2025;10.03.2025;Viasis;;Spanierstrasse;30;KIGA;Benediktienerplatz;50;Faelle gezogen 18.02.25;;27.03.2025;;;
20.01.2025;17.03.2025;6047;;Friedrichstr.;30;65;Sonnenbuehlstr.;50;;;19.03.2025;;;
27.01.2025;03.02.2025;Viasis;;Schneckenburgstrasse;20;Gottmannplatz;Friedhof;50;;;28.03.2025;;;
03.02.2025;24.03.2025;9018;;Zaehringerplatz;30;Ecke im Neugut;Th.-Heuss-Str.;50;;;;;;
03.02.2025;24.03.2025;8710;;Allmannsdorferstr.;30;36;Mainaustrasse;50;;;27.03.2025;;;
03.02.2025;01.04.2025;0751;;Mainaustr.;30;gg.Fa.Spiegel;Egg;50;;Zeitumstellung 31.03.25;24.04.2025;;;
03.02.2025;24.03.2025;1415;;Th.-Heuss-Str.;30;27;Zaehringerplatz;50;;;27.03.2025;;;
03.02.2025;10.03.2025;2262;;Schneckenburgstr. ;20;Gottmannplatz;Friedhof;50;;Baustelle !;19.03.2025;;;
03.02.2025;17.03.2025;Viasis;;Schreibergasse;10;KIGA;Rheinsteig;30;;;28.03.2025;;;
06.02.2025;24.03.2025;9256;;Wollmatingerstr.;40;70;Steinstrasse;50;;neuer 40 km/h Bereich !!!;27.03.2025;;;
10.02.2025;24.03.2025;5797;;Wollmatingerstr.;40;151-153;Oberlohnstr.;50;;neuer 40 km/h Bereich !!!;27.03.2025;;;
10.02.2025;31.03.2025;8100;;Fuerstenbergstr.;30;16;Riedstr.;50;;Zeitumstellung 31.03.25;24.04.2025;;;
24.02.2025;15.04.2025;9621;;Riedstrasse;30;34;Fuerstenbergstr.;50;;neuer 30 km/h Bereich !!! Zeitumstellung 31.03.25;15.04.2025;;;
24.02.2025;19.03.2025;8815;;Schiffstr.;30;12;Mainaustr.;50;;neuer 30 km/h Bereich !!!/Baustelle;19.03.2025;;;
10.03.2025;14.04.20205;Viasis;;Hoehenweg;10;2;Friedrichstr.;30;;Zeitumstellung,31.03.25;24.04.2025;;;
10.03.2025;;2262;;Konzilstr.;30;Haltestelle;Bahnhof;50;;Zeitumstellung,31.03.25;;;;
17.03.2025;14.04.2025;Viasis;;Bohlstr. Dingelsdorf;10;6;Campingplatz;50;;Zeitumstellung,31.03.25;24.04.2025;;;
17.03.2025;;6047;;Bodanstr.;30;21;Bodanplatz;50;;Zeitumstellung,31.03.25;;;;
19.03.2025;;8815;;Schiffstr.;30;20;Faehre;50;;neuer 30 km/h Bereich !!! Zeitumstellung 31.03.25;;;;
24.03.2025;;9018;;Gartenstr.;30;Seniorenzentrum;Zasiusstr.;50;;Zeitumstellung,31.03.25;;;;
24.03.2025;;1415;;Griesseggstr.;30;7;Zoll;50;;Zeitumstellung,31.03.25;;;;
24.03.2025;;8710;;Radolfzellerstr.;30;63;Engelsteig;50;;Zeitumstellung,31.03.25;;;;
24.03.2025;;9256;;Mainaustr.;40;74;Staad;50;;neuer 40 km/h Bereich !!! Zeitumstellung 31.03.25;;;;
24.03.2025;;5794;;Wollmatingerstr.;40;151-153;Friedhof;50;;neuer 40 km/h Bereich !!! Zeitumstellung 31.03.25;;;;
31.03.2025;;8100;;H.-v.-Vicari-Strasse;30;KIGA/Kirche;Jakobstrasse;50;;;;;;
01.04.2025;;0751;;Radolfzellerstrasse;30;91;Ortsausgang;50;;neuer 30 km/h Bereich;;;;
15.04.2025;;9621;;Wollmatingerstrasse;40;28;Friedhof;50;;neuer 40 km/h Bereich;;;;
14.04.2025;;Viasis;;Hoehenweg;10;6;Sonnenhaldenschule;20;;;;;;
14.04.2025;;Viasis;;Austrasse;30;;Buecklestr.;30;;;;;;
;;;;;;;;;;;;;;
;;;;;;;;;;;;;;
;;;;;;;;;;;;;;
;;;;;;;;;;;;;;
;;;;;;;;;;;;;;
;;;;;;;;;;;;;;
;;;;;;;;;;;;;;
;;;;;;;;;;;;;;
;;;;;;;;;;;;;;
;;;;;;;;;;;;;;
;;;;;;;;;;;;;;
;;;;;;;;;;;;;;
;;;;;;;;;;;;;;
;;;;;;;;;;;;;;
;;;;;;;;;;;;;;
;;;;;;;;;;;;;;
;;;;;;;;;;;;;;
;;;;;;;;;;;;;;
;;;;;;;;;;;;;;
;;;;;;;;;;;;;;
;;;;;;;;;;;;;;
;;;;;;;;;;;;;;
;;;;;;;;;;;;;;
;;;;;;;;;;;;;;
;;;;;;;;;;;;;;
;;;;;;;;;;;;;;
;;;;;;;;;;;;;;
;;;;;;;;;;;;;;
;;;;;;;;;;;;;;
;;;;;;;;;;;;;;
;;;;;;;;;;;;;;
;;;;;;;;;;;;;;
;;;;;;;;;;;;;;
;;;;;;;;;;;;;;
;;;;;;;;;;;;;;
;;;;;;;;;;;;;;
;;;;;;;;;;;;;;
;;;;;;;;;;;;;;
;;;;;;;;;;;;;;
;;;;;;;;;;;;;;
;;;;;;;;;;;;;;
;;;;;;;;;;;;;;
;;;;;;;;;;;;;;
;;;;;;;;;;;;;;
;;;;;;;;;;;;;;
;;;;;;;;;;;;;;
;;;;;;;;;;;;;;
;;;;;;;;;;;;;;
;;;;;;;;;;;;;;
;;;;;;;;;;;;;;
;;;;;;;;;;;;;;
;;;;;;;;;;;;;;
;;;;;;;;;;;;;;
;;;;;;;;;;;;;;
;;;;;;;;;;;;;;
;;;;;;;;;;;;;;
;;;;;;;;;;;;;;
;;;;;;;;;;;;;;
;;;;;;;;;;;;;;
;;;;;;;;;;;;;;
;;;;;;;;;;;;;;
;;;;;;;;;;;;;;
;;;;;;;;;;;;;;
;;;;;;;;;;;;;;
;;;;;;;;;;;;;;
;;;;;;;;;;;;;;
;;;;;;;;;;;;;;
;;;;;;;;;;;;;;
;;;;;;;;;;;;;;
;;;;;;;;;;;;;;
;;;;;;;;;;;;;;
;;;;;;;;;;;;;;
;;;;;;;;;;;;;;
;;;;;;;;;;;;;;
;;;;;;;;;;;;;;
;;;;;;;;;;;;;;
;;;;;;;;;;;;;;
;;;;;;;;;;;;;;
;;;;;;;;;;;;;;
;;;;;;;;;;;;;;
;;;;;;;;;;;;;;
;;;;;;;;;;;;;;
;;;;;;;;;;;;;;
;;;;;;;;;;;;;;
;;;;;;;;;;;;;;
;;;;;;;;;;;;;;
;;;;;;;;;;;;;;
;;;;;;;;;;;;;;
;;;;;;;;;;;;;;
;;;;;;;;;;;;;;
;;;;;;;;;;;;;;
;;;;;;;;;;;;;;
;;;;;;;;;;;;;;
;;;;;;;;;;;;;;
;;;;;;;;;;;;;;
;;;;;;;;;;;;;;
;;;;;;;;;;;;;;
;;;;;;;;;;;;;;
;;;;;;;;;;;;;;
;;;;;;;;;;;;;;
;;;;;;;;;;;;;;
;;;;;;;;;;;;;;
;;;;;;;;;;;;;;
;;;;;;;;;;;;;;
;;;;;;;;;;;;;;
;;;;;;;;;;;;;;
;;;;;;;;;;;;;;
;;;;;;;;;;;;;;
;;;;;;;;;;;;;;
;;;;;;;;;;;;;;
